"conversation_id_str","created_at","favorite_count","full_text","id_str","image_url","in_reply_to_screen_name","lang","location","quote_count","reply_count","retweet_count","tweet_url","user_id_str","username"
"1785459093043634195","Tue Apr 30 23:59:54 +0000 2024","0","Menilik Kans Timnas Indonesia U-23 Raih Tiket Olimpiade https://t.co/soCNeSoYaS","1785459093043634195","","","in","","0","0","0","https://x.com/20detik/status/1785459093043634195","598959076","20detik"
"1785096463435100440","Tue Apr 30 23:58:50 +0000 2024","0","@MafiaWasit Nobar timnas loh Iki iso¬≤ne rusuh Berarti Cen bener sdm rendah Ning kono ki","1785458825879052295","","MafiaWasit","in","","0","0","0","https://x.com/rayyden13/status/1785458825879052295","887267490031480832","rayyden13"
"1785453856333451298","Tue Apr 30 23:58:14 +0000 2024","3","@jusahourly lagi ngomongin diri sendirii untuk negara yg rank bola nya 100+ mah susah sih cari yg bener2 grade A contoh tijani aja lebih milih timnas pusat yakan","1785458671721525755","","jusahourly","in","","0","0","0","https://x.com/bayikcegukan/status/1785458671721525755","1509070404328955904","bayikcegukan"
"1785211524115792063","Tue Apr 30 23:58:08 +0000 2024","0","@ndorokakung Wkwkwk sempet kepikiran beberapa hari lalu. Bandingin sama orang yang bawa piala juara Qari kalau gak salah dimintai uang. Nanti kalau Timnas juara bawa trofinya bakal ribet gak ya? ","1785458649240064176","","ndorokakung","in","","0","1","0","https://x.com/fauzifathu_n/status/1785458649240064176","1282632737153679360","fauzifathu_n"
"1785167825432363499","Tue Apr 30 23:57:42 +0000 2024","0","@pakwebe @jainudinwr @MulkiArdhy @ainurohman Own Goal ya memang kesalahan tapi kesalahan kayak gini harus segera di atasi supaya Timnas main dgn tenang &amp; nyaman ketika unggul","1785458536958636039","","pakwebe","in","","0","0","0","https://x.com/Ramaadhy/status/1785458536958636039","85551954","Ramaadhy"
"1785122398016278873","Tue Apr 30 23:57:33 +0000 2024","0","@utdabout Sy setuju mmg era skrg adlh era kecurangan terutama dlm hal ini ketika timnas kita bermain seolah2 ada kekuatan diluar lapangan yg mengatur spy Indonesia tdk muncul dipentas internasional. U 23 wasit penuh dg kontroversi mdh2an komisi wasit FIFA bertindak","1785458500702986457","","utdabout","in","","0","0","0","https://x.com/aklaqul_k/status/1785458500702986457","862450750319861760","aklaqul_k"
"1785182934871495112","Tue Apr 30 23:57:09 +0000 2024","0","@jokowi hahaaaaaaa 0-2 ya. timnas kalah.","1785458401662886375","","jokowi","in","","0","0","0","https://x.com/kangsil2012/status/1785458401662886375","546890263","kangsil2012"
"1785167825432363499","Tue Apr 30 23:56:53 +0000 2024","2","@ainurohman Jangan dibebani tertalu tinggi seperti pertandingan kemarin timnas main agak gugup ayo nothing to lose biar mainnya enjoy &amp; kita taklukkan iraq","1785458334260482533","","ainurohman","in","","0","0","0","https://x.com/DAdzkhan16580/status/1785458334260482533","1755014622527242240","DAdzkhan16580"
"1785458287892422819","Tue Apr 30 23:56:42 +0000 2024","0","Meski Timnas ngga lanjut ke Final tapi tren positif APBN harus selalu lanjut terjaga! #UangKita","1785458287892422819","","","in","","0","0","0","https://x.com/BangEwinJKT/status/1785458287892422819","62466423","BangEwinJKT"
"1785303279641243672","Tue Apr 30 23:56:31 +0000 2024","0","@FT_IDN Kurang sreg nih sama keputusan buat ambil ravens tapi gua bakal happy kalo kekhawatiran gua salah. Jadi semoga aja dia ngebuktiin baik di timnas atau di klub ","1785458241864175962","","FT_IDN","in","","0","0","0","https://x.com/Kingomingo000/status/1785458241864175962","1383757722202476549","Kingomingo000"
"1785458174713356594","Tue Apr 30 23:56:15 +0000 2024","0","Timnas Indonesia OTW Piala Dunia 2026! Erick Thohir Umumkan Maarten Paes Sudah Ambil Sumpah WNI Netizen: Gila #ChampionsLeague https://t.co/oFB9mSHRmy","1785458174713356594","","","in","","0","0","0","https://x.com/ImronRasyidi8/status/1785458174713356594","1425244557826957312","ImronRasyidi8"
"1785095881131536848","Tue Apr 30 23:54:48 +0000 2024","0","@Nagashima_007 @Joy388929023288 Cari pembenaran mulu. Belajar terima realita uzbek skill diatas timnas. Saat justin dibantu wasit kok pd diam. Orang korea apa jg cari pembenaran ngujat wasit?","1785457809653661835","","","in","","0","0","0","https://x.com/Jabrik0073/status/1785457809653661835","1328564163908550656","Jabrik0073"
"1785457678334255500","Tue Apr 30 23:54:17 +0000 2024","0","Liat timnas era Naturalisasi berani main WE Master League ","1785457678334255500","","","in","","0","0","0","https://x.com/Geraamanda/status/1785457678334255500","926239423","Geraamanda"
"1785438472595218892","Tue Apr 30 23:54:06 +0000 2024","1","@yangmi3prnew @ganjarpranowo @Miduk17 Penolakan terhadap Timnas Israel di piala dunia U20 pemerintah lebih tau jelas masalahnya kususnya Jokowi Menlu Retno &amp; Erick tapi mereka pura2 tidak tau cuci tangan dan menikmati keuntungan seolah-olah piala dunia di batalkan karena penolakan dari Gubernur Ganjar.","1785457633652351307","","yangmi3prnew","in","","0","1","0","https://x.com/AjieNdoro/status/1785457633652351307","1558597547647979520","AjieNdoro"
"1785457304093282720","Tue Apr 30 23:52:48 +0000 2024","3","Bang Radja sedang membahas dirinya sendiri. Pemain grade A di eropa ya ga bakal mau dinaturalisasi. Bahkan saat lu di peak perform juga maunya masuk timnas Belgia kan.","1785457304093282720","","","in","","0","1","1","https://x.com/glrxl/status/1785457304093282720","95927963","glrxl"
"1785457247554019425","Tue Apr 30 23:52:34 +0000 2024","3","Apakah Shen Yinhao Rugikan Timnas U-23 Indonesia saat Dikalahkan Uzbekistan? Instruktur Wasit PSSI Berikan Analisisnya https://t.co/eoCc0VafDJ #TempoBola","1785457247554019425","","","in","","0","0","4","https://x.com/tempodotco/status/1785457247554019425","18129942","tempodotco"
"1785167825432363499","Tue Apr 30 23:52:11 +0000 2024","0","@wyinkles @ainurohman Gag hanya optimis balikin mental nya istirahat sama main lepas itu yg harus di perhatikan Buat Timnas next nya pas mau kunci Juara ke 3","1785457149289935320","","wyinkles","in","","0","0","0","https://x.com/Ramaadhy/status/1785457149289935320","85551954","Ramaadhy"
"1785305042272256157","Tue Apr 30 23:52:08 +0000 2024","28","@agunsetiawn @Titipan_Mafia ketua pssi tugasnya kan urus timnas &amp; liga kalo menurut gua ga bisa jalan bareng. jd si ET ini fokus di timnas dulu karna pengen bikin minimun standar kualitas timnas. nah skrng standarnya udah kebentuk nih di timnas harusnya dia bisa mulai fokus bagusin kualitas liga","1785457138326012399","","agunsetiawn","in","","0","3","2","https://x.com/ibnuuprasetyo/status/1785457138326012399","320598622","ibnuuprasetyo"
"1785168201812488324","Tue Apr 30 23:50:35 +0000 2024","0","@tanyarlfes Ga nyambung banget apa hubungan nya Jerome sm Timnas?","1785456745730724076","","tanyarlfes","in","","0","0","0","https://x.com/lexxx_omfg/status/1785456745730724076","1596877137440825346","lexxx_omfg"
"1785300432161767821","Tue Apr 30 23:50:17 +0000 2024","0","@FandomID_ Ibarat covid ini booster imun buat timnas ayo bisa yok jadiin liga inggris pindah ke Indonesia....","1785456671579582927","","FandomID_","in","","0","0","0","https://x.com/abuuudzar/status/1785456671579582927","386640139","abuuudzar"
"1785456231727165712","Tue Apr 30 23:48:32 +0000 2024","0","Shin Tae-yong Pusing Maarten Paes Masuk Slot 3 Pemain Senior Timnas Indonesia U-23 jika Lolos Olimpiade Paris 2024? https://t.co/LpnwXQ8fG7","1785456231727165712","","","in","","0","0","1","https://x.com/okezonenews/status/1785456231727165712","47274731","okezonenews"
"1785452503456477563","Tue Apr 30 23:46:58 +0000 2024","0","@CNNIndonesia Kalau tdk bsa menghentikan Timnas dgn lawannya. Maka akan dilakukan melalui wasit. Kenyataanya adalah apapun keputusan wasit dengan sgala ketidakadilannya tdk ada yg bsa dilakukan stelah pertandingan selesai kecuali protes yg mngkin jg tdk akan merubah apapun","1785455836963434530","","CNNIndonesia","in","","0","0","0","https://x.com/Diwan555/status/1785455836963434530","1603782533669609472","Diwan555"
"1785438334875316343","Tue Apr 30 23:46:23 +0000 2024","1","@Oleng_YNWA Pro dan kontra itu biasa saya melihatnya dari sisi bahwa pemain lokal harus lebih punya motivasi untuk bisa masuk Timnas karena levelnya tinggi baik fisik mental skill dan kemampuannya..","1785455692469678449","","Oleng_YNWA","in","","0","1","0","https://x.com/g4b0ng0ku73/status/1785455692469678449","1614470115210457090","g4b0ng0ku73"
"1785455566825120069","Tue Apr 30 23:45:53 +0000 2024","7","Nobar timnas di kafe Nobar timnas di bundaran rektorat Ô∏è https://t.co/hpkUzsyAJ5","1785455566825120069","https://pbs.twimg.com/ext_tw_video_thumb/1785384393680568320/pu/img/YNeJFFh6LZ-oPXG5.jpg","","in","","0","2","3","https://x.com/kicauan_random/status/1785455566825120069","2254787029","kicauan_random"
"1785454734268407978","Tue Apr 30 23:42:35 +0000 2024","0","Erick Thohir Semangati Timnas Garuda Muda Langsung Datangi Ruang Ganti https://t.co/iyNc9mbP0h","1785454734268407978","","","in","","0","0","0","https://x.com/titiktemuco/status/1785454734268407978","1336827994199900161","titiktemuco"
"1785454634821439537","Tue Apr 30 23:42:11 +0000 2024","0","Pendukung TimNas ning~","1785454634821439537","","","in","","0","0","0","https://x.com/senubayu/status/1785454634821439537","358696338","senubayu"
"1785454612537073688","Tue Apr 30 23:42:06 +0000 2024","9","Kapten Timnas U-23 Indonesia Rizky Ridho Akan Diberi Bonus oleh Universitas Muhammadiyah Surabaya Lempar Kelakar Soal Wisuda https://t.co/QY2EIhm5np #TempoSport","1785454612537073688","","","in","","0","1","2","https://x.com/tempodotco/status/1785454612537073688","18129942","tempodotco"
"1784949134191202726","Tue Apr 30 23:42:04 +0000 2024","0","@ProfOnline_id @AsbabulKopi Sayang sekali shintaeyoung gagal membuat timnas Indonesia berhasil melawan Uzbekistan YANG MERUPAKAN NEGARA MAYORITAS ISLAM https://t.co/bhMI6ER68T","1785454605230563562","","ProfOnline_id","in","","0","0","0","https://x.com/pordylr/status/1785454605230563562","2281798662","pordylr"
"1785305042272256157","Tue Apr 30 23:41:52 +0000 2024","143","@Titipan_Mafia banyak yg bilang erik thohir ketua pssi yg bershasil tai kucing lah dia mah ketua timnas kalee liat aja liganya masih di kuasai ib dkk sepakbola bersih sepakbola bersih tai kucing lah.","1785454552675910099","","Titipan_Mafia","in","","1","33","17","https://x.com/agunsetiawn/status/1785454552675910099","1336432670","agunsetiawn"
"1785122398016278873","Tue Apr 30 23:35:41 +0000 2024","0","@CineManiaXX @utdabout Udahlah.. Udah jelas klh segalanya ga perlu nyalahin wasit. Offside sdh jelas kartu merah jg udah jelas kaki RR bergerak ke arah dpn/tubuh pemain. Belajar profesional menerima kekalahan pasti akan ada kemajuan. Timnas sdh bagus dan sdh mulai disegani negara lain.. SEMANGAT ","1785452999877231002","","i_am_semesta","in","","0","0","0","https://x.com/adriellacarise/status/1785452999877231002","1153736701","adriellacarise"
"1785452972849389766","Tue Apr 30 23:35:35 +0000 2024","0","ternyata wasit timnas kemaren wasit di lapangan wasit var semuanya dibayar.","1785452972849389766","","","in","","0","0","0","https://x.com/BinSudjana/status/1785452972849389766","50279916","BinSudjana"
"1785452732645851314","Tue Apr 30 23:34:38 +0000 2024","0"," AKIBAT membuat MASALAH PADA TIMNAS INDONESIA ~ WASIT SHEN YIN HAO SAMPAI NGEMIS BELAS KASIH NETIJEN https://t.co/NDapuYk0x2","1785452732645851314","","","in","","0","0","0","https://x.com/idn_media/status/1785452732645851314","2508657594","idn_media"
"1785305042272256157","Tue Apr 30 23:34:26 +0000 2024","0","@adimulya1976 @Durm96000604 @Titipan_Mafia ya emang tetap bisa dititipin pemain lokal yang mau masuk timnas.","1785452684176453725","","adimulya1976","in","","0","1","0","https://x.com/oraonocr7/status/1785452684176453725","1603971340771266560","oraonocr7"
"1785231143434162317","Tue Apr 30 23:34:26 +0000 2024","0","@nialubis_ @aniesbaswedan @cakimiNOW lha buru2 amat ga sparring dulu lawan timnas asuhan sty?","1785452684105109676","","nialubis_","in","","0","0","0","https://x.com/razakasri/status/1785452684105109676","240983005","razakasri"
"1785452465724526650","Tue Apr 30 23:33:34 +0000 2024","0","PT Timah Apresiasi Kerja Keras Timnas U-23 di Piala Asia 2024 https://t.co/6VWdpOHiNf","1785452465724526650","","","in","","0","0","0","https://x.com/SINDOnews/status/1785452465724526650","231355136","SINDOnews"
"1785317676614877354","Tue Apr 30 23:33:25 +0000 2024","0","@hawzmarwahebfa @panditfootball Nah pendidikan sepakbolanya kan bukan kompetesi mentukan baiknya timnas. Negara afrika kaya kamerun ghana pemain rata pedidikan sepakbola di luar semua toh timnas baik.","1785452425966665754","","hebfahoss","in","","0","5","0","https://x.com/hambaamatir45/status/1785452425966665754","1608711282026512384","hambaamatir45"
"1785297756174917661","Tue Apr 30 23:33:03 +0000 2024","0","@garagarabola_ Jens Raven ini blm join timnas sudah ngaktifin fitur subscribe di IG aja ","1785452336019845245","","garagarabola_","in","","0","0","0","https://x.com/trzflrc/status/1785452336019845245","1503210373264310272","trzflrc"
"1785325236277436906","Tue Apr 30 23:32:55 +0000 2024","0","@garagarabola_ Yang penting dia mau membela timnas Indonesia","1785452299781030130","","garagarabola_","in","","0","0","0","https://x.com/irvan_scd/status/1785452299781030130","473547896","irvan_scd"
"1785452244152041481","Tue Apr 30 23:32:41 +0000 2024","0","Tetep ga bakal bisa pake jersei timnas merah putih.","1785452244152041481","","","in","","0","0","0","https://x.com/kambinkkkk/status/1785452244152041481","1625530917434589185","kambinkkkk"
"1784981694417957299","Tue Apr 30 23:32:14 +0000 2024","0","@ickyhp @andycha_syreena @abu_waras Nah ini slh stu cnth org yg gak ngerti benang mrh dr permasalahannya pointnya klo kita diklhin krna kecurangan wasit itu sngt nyakitin hati mau itu timnas pilpres dll masa gitu aj gak ngerti.‚ÄçÔ∏èfyi gw sjak aff 2010 ud jdi penggemar sepak bola &amp; slalu nonton timnas tanding !","1785452128187933068","","ickyhp","in","","0","1","0","https://x.com/patria_tia/status/1785452128187933068","864025554","patria_tia"
"1785317676614877354","Tue Apr 30 23:31:35 +0000 2024","0","@panditfootball Yang kompetisi baik saja kadang gagal nyiptain timnas yang baik banyak contohnya negara eropa ","1785451967629963627","","panditfootball","in","","0","6","0","https://x.com/vixhd/status/1785451967629963627","111473555","vixhd"
"1785297897053126727","Tue Apr 30 23:31:18 +0000 2024","1","@kaitou_kicks Alah... Dari dulu juga pemain naturalisasi itu banyak bro. Sebelum dipegang Eric timnas banyak juga pemain bulenya","1785451895110422734","","kaitou_kicks","in","","0","0","0","https://x.com/JollyRo20841422/status/1785451895110422734","1486126304298938368","JollyRo20841422"
"1785451751593968001","Tue Apr 30 23:30:44 +0000 2024","1","Selow wae ra sah ngegas wir.. slot timnas udah aman diisi pemain aseng. Percaya proses!","1785451751593968001","","","in","","0","5","1","https://x.com/ruang_ganti/status/1785451751593968001","914919144","ruang_ganti"
"1785451576183984572","Tue Apr 30 23:30:02 +0000 2024","1","Meski kalah performa Timnas Indonesia U23 dipuji kapten Uzbekistan! https://t.co/jLHotjeJ3R","1785451576183984572","","","in","","0","0","0","https://x.com/Bolanet/status/1785451576183984572","85537477","Bolanet"
"1785448877010960853","Tue Apr 30 23:19:18 +0000 2024","0","udah kelewatan batas ini pssi harus ambil langkah tepat buat jaga timnas ","1785448877010960853","","","in","","0","0","0","https://x.com/lalalandskies/status/1785448877010960853","1101832166122512385","lalalandskies"
"1785448667497054561","Tue Apr 30 23:18:29 +0000 2024","0","Mana timnas besok pula main perebutan juara 3 sama kayak tanggal ultahnya wkwk","1785448667497054561","","","in","","0","0","0","https://x.com/ARodzikin/status/1785448667497054561","1554037619239321605","ARodzikin"
"1785300432161767821","Tue Apr 30 23:18:18 +0000 2024","0","@FandomID_ Gk usah kaget naturalisasi penting karena menambah daya saing pemain lokal dan daya saing timnas minimal di asia. Jangka pendek dan jangka panjangnya dapet semua. Kalo daya saing timnas di asia udah bagus otomatis akan membuka pemain lokal untuk maen di eropa.","1785448622735429730","","FandomID_","in","","0","0","0","https://x.com/ainulya05089400/status/1785448622735429730","1474714266863169540","ainulya05089400"
"1785169028765581623","Tue Apr 30 23:17:40 +0000 2024","0","@BolaBolaAja Nggak siih dia terpaksaa dukung timnas soalnya akunnya di serbuu sama netizen indo makanya bikin klarifikasiii wkwkhaha lawakk dia ","1785448462378729832","","BolaBolaAja","in","","0","0","0","https://x.com/05Tahni60813/status/1785448462378729832","1671818924391038976","05Tahni60813"
"1784973953079083129","Tue Apr 30 23:16:34 +0000 2024","0","@PrinceHF1234 @warunglio @kikysaputrii Kasian belom move on dari kekalahan pemilu sampai menyamaratakan negara sendiri (timnas) di injek injek wasit ","1785448185382514817","","PrinceHF1234","in","","0","0","0","https://x.com/hermaliza17291/status/1785448185382514817","1687547514390814720","hermaliza17291"
"1785448137009639736","Tue Apr 30 23:16:22 +0000 2024","1","Sudahlah...gak usah kita sibuk dg tidak fairnya wasit karena tak akan merobah keadaan. Sebaiknya kita sibuk dg memberikan support semangat dan mengembalikan percaya diri dari TimNas U23 Garuda Muda U23 agar menghadapi Irak tidak terulang lagi kesalahan2 yg lalu.","1785448137009639736","","","in","","0","0","0","https://x.com/NazriStMudo/status/1785448137009639736","3303743306","NazriStMudo"
"1785448032085147738","Tue Apr 30 23:15:57 +0000 2024","0","fenbes bola aja kayanya masih lebih hati hati bercandaan soal kekalahan timnas apalagi itu twt emg lg anget angetnya timnas kalah","1785448032085147738","","","in","","0","0","0","https://x.com/culturedyungboi/status/1785448032085147738","1477992655489355780","culturedyungboi"
"1785443345118163366","Tue Apr 30 23:15:51 +0000 2024","1","@MEY_ARD1ANSYAH Semua nyalahin wasit tapi nggak ada yg nyalahin pemain timnas no 12 yg juga ikut andil dlm kemenangan Uzbekistan dgn Gol bunuh dirinya ","1785448005791035802","","ME1_N0N1E","in","","0","0","0","https://x.com/putraragista/status/1785448005791035802","475801614","putraragista"
"1785299367110602788","Tue Apr 30 23:14:52 +0000 2024","0","@erickthohir Besok besok timnas tampang nya eropa semua hehee.. Ga ada lagi nama2 khas jawa sumatra maluku bali &amp; papua","1785447760369787260","","erickthohir","in","","0","0","0","https://x.com/fajriNB/status/1785447760369787260","208580110","fajriNB"
"1785341655492760029","Tue Apr 30 23:14:44 +0000 2024","8","@UbahBareng Hehe sampe skrg masih ngikutin acara2 pak Anies di Yutube sprti kmrn halal bihalal di PKS HMI Jogja pembubaran timnas dll. Masih ketagihan nonton pidatonya ga tau napa kaya ada penyegaran otak dan semangat krn isi omongannya selalu daging dan guyonannya cerdas.","1785447724814626909","","UbahBareng","in","","0","0","0","https://x.com/ikan_mainan/status/1785447724814626909","59319789","ikan_mainan"
"1785362807518904550","Tue Apr 30 23:14:36 +0000 2024","5","@mpujayaprema @moejeep_pelung Di Timnas naturalisasi Di sektor lapangan kerja pun naturalisasi dari cina","1785447692635943229","","mpujayaprema","in","","0","2","3","https://x.com/Alfa_Bimas/status/1785447692635943229","1726031471205588992","Alfa_Bimas"
"1785112473831661596","Tue Apr 30 23:14:03 +0000 2024","0","@islah_bahrawi Sakit kaan... tapi tdk mungkn timnas dicurangi tidk ada indikasi kecurangn yg dilakukn wasit mereka hakim yg adil.... yakaan bpk2 @officialMKRI @KPU_ID","1785447555700322458","","islah_bahrawi","in","","0","0","0","https://x.com/Tatieluv/status/1785447555700322458","60259772","Tatieluv"
"1785396120715481117","Tue Apr 30 23:13:46 +0000 2024","0","@Zulfan_Hakim @SeputarMadrid Sering lah pasti tp kan itu butuh jam terbang sama latihan yg lama bang jangankan pemain timnas kita pemain Eropa sendiri blm tentu bisa passing kek toni","1785447480555106576","","Zulfan_Hakim","in","","0","0","0","https://x.com/ehhsan_Hnya2/status/1785447480555106576","1217778445637189632","ehhsan_Hnya2"
"1785303279641243672","Tue Apr 30 23:13:21 +0000 2024","0","@FT_IDN @TheRedsLiv2546 sidney van hooijdonk pemain norwich gimana ya kabarnya nolak timnas kah doi?","1785447377635070175","","FT_IDN","in","","0","1","0","https://x.com/opulevi/status/1785447377635070175","1327302478958772224","opulevi"
"1785447320441741513","Tue Apr 30 23:13:07 +0000 2024","0","Momen nonton bareng Timnas Indonesia vs Uzbekistan di Pringsewu kemarin https://t.co/7mFT25elPh","1785447320441741513","","","in","","0","0","0","https://x.com/lampuungupdate/status/1785447320441741513","809205258","lampuungupdate"
"1785326995800490430","Tue Apr 30 23:12:36 +0000 2024","0","@GOAL_ID kalau dah senior ma top mana mau main sama indonesia paling mereka yg kariernya dah mentok malah timnas rasa keranjang sampah ","1785447190816858314","","GOAL_ID","in","","0","0","0","https://x.com/wis_ra_urus/status/1785447190816858314","61843265","wis_ra_urus"
"1658492544353996801","Tue Apr 30 23:12:12 +0000 2024","0","@idextratime perkara ini sih suvakorn ini ada masalah personal sama timnas indo","1785447089230798886","","idextratime","in","","0","0","0","https://x.com/tyrexorangedino/status/1785447089230798886","1230179297790328832","tyrexorangedino"
"1785438472595218892","Tue Apr 30 23:12:03 +0000 2024","1","@yangmi3prnew @ganjarpranowo @Miduk17 Katanta kaum 58% menang tapi masih aja takut ma ganjar kan lucu. Semoga aja ketikan mereka dikabulkan. bukan karena ganjar tapi narasi mereka sendiri. Lawan Iraq kalau kalah lagi biar tau rasa kl ketikan mereka do'a untuk timnas.","1785447050458595667","","yangmi3prnew","in","","0","0","0","https://x.com/rehan30878491/status/1785447050458595667","1417681096716677121","rehan30878491"
"1785250373550374987","Tue Apr 30 23:11:19 +0000 2024","0","@ConcacafID @idextratime @FaktaSepakbola @garagarabola_ @indosupporter @Indostransfer @MaartenPaes30 Funfact: Maarten Paes adalah kiper etnis belanda yang kedua dalam sejarah timnas Indonesia yang pertama adalah Arnold van Der Vin di timnas era 50an. https://t.co/FDsWN0qaG3","1785446866383245372","https://pbs.twimg.com/media/GMcudZ6aQAA9AHU.jpg","ConcacafID","in","","0","0","0","https://x.com/ryozairawan/status/1785446866383245372","1712230241928921088","ryozairawan"
"1785317676614877354","Tue Apr 30 23:11:13 +0000 2024","0","@panditfootball Pak abis all in timnas ini bisa disusun dong @erickthohir","1785446842261701017","","panditfootball","in","","0","0","0","https://x.com/iam_romytr/status/1785446842261701017","1135239615101620224","iam_romytr"
"1785446807788569078","Tue Apr 30 23:11:05 +0000 2024","1","Musuh rakyat Indonesia adalah orang ini. Wasit VAR Timnas vs Qatar dan Timnas vs Uzbekistan. Tandai nama dan mukanya cari akunnya serbu! Dia dari Thailand! #TimnasIndonesiaU23 #TimnasIndonesia #AFCU23AsianCup https://t.co/nt7tIiMHTg","1785446807788569078","https://pbs.twimg.com/media/GMcuaNSXwAEp-WD.jpg","","in","","0","0","0","https://x.com/AzmyAbe/status/1785446807788569078","433978246","AzmyAbe"
"1785446698770374663","Tue Apr 30 23:10:39 +0000 2024","54","F4 edition of Bule Timnas U-23 aka NJIR geng. Permisi ya geng. Aku udah lama bgt rasanya ga sampe deg2 ser ngeliat visual cowok. So Nathan woi betah amat lu beneran di kepala gua ‚Äç‚ÜîÔ∏è https://t.co/PkioHPKu97","1785446698770374663","https://pbs.twimg.com/ext_tw_video_thumb/1785446667506102272/pu/img/VSC5SulO3mO2T7-r.jpg","","in","","0","3","0","https://x.com/megmonie/status/1785446698770374663","1675124041517273088","megmonie"
"1785446670249181311","Tue Apr 30 23:10:32 +0000 2024","0","Hanya wasit yang bisa mengalahlan Timnas Indonesia #TimnasIndonesia #PialaAsiaU23 https://t.co/r30vEKcTbZ","1785446670249181311","https://pbs.twimg.com/media/GMcuSMZbkAATGLp.jpg","","in","","0","0","0","https://x.com/Andree7610/status/1785446670249181311","1554569070003236864","Andree7610"
"1785446376077213939","Tue Apr 30 23:09:22 +0000 2024","0","di IG lagi pada bucin ama mas mas VOC timnas hindia-belanda wkwk dah lah aku bucinnya ama mas mas jepang aja ","1785446376077213939","","","in","","0","0","0","https://x.com/windaayu08_/status/1785446376077213939","869743680","windaayu08_"
"1785120327649116433","Tue Apr 30 23:08:37 +0000 2024","0","@Miduk17 23 Pengusaha Sumbang Rp23 Miliar untuk Dukung Timnas U-23 https://t.co/rDAt6aY4nw","1785446184984965432","","JhonSitorus_18","in","","0","0","0","https://x.com/officialinews_/status/1785446184984965432","132078023","officialinews_"
"1785446104525365459","Tue Apr 30 23:08:17 +0000 2024","0","Marten Paen Kiper FC Dallas Amerika Serikat Resmi Menjalani Sumpah WNI Kiper Timnas Kelas Dunia https://t.co/dbib7Ik7IE","1785446104525365459","","","in","","0","0","0","https://x.com/Radardetik/status/1785446104525365459","1739305684452405248","Radardetik"
"1785446097059770791","Tue Apr 30 23:08:16 +0000 2024","0","Lu tuh timnas uzbek bukan timnas korsel ngapa malah drama dah.. https://t.co/sT7pjmU9qr","1785446097059770791","https://pbs.twimg.com/tweet_video_thumb/GMctwJKbEAAQ4N0.jpg","","in","","0","0","0","https://x.com/nantiterbiasa/status/1785446097059770791","1406625186074398724","nantiterbiasa"
"1785445875889897711","Tue Apr 30 23:07:23 +0000 2024","0","yang ngide bikin au timnas siapa pls tolong aku kepincut (sorry kalo fomo) (‚Å†‚âß‚Å†‚ñΩ‚Å†‚â¶‚Å†)","1785445875889897711","","","in","","0","0","0","https://x.com/dailyfa4iry/status/1785445875889897711","1771372376749465600","dailyfa4iry"
"1785300432161767821","Tue Apr 30 23:06:40 +0000 2024","1","@FandomID_ Klo timnas bnyk pemain naturalisasinya buat apa kompetisi liga diadakan.","1785445695408799989","","FandomID_","in","","0","0","0","https://x.com/heru_mie/status/1785445695408799989","1603629878351646720","heru_mie"
"1785445630657372319","Tue Apr 30 23:06:24 +0000 2024","1","Dukung Timnas Indonesia U-23 berlaga di Piala AFC Asian Cup Tahun 2024 dibabak semi final melawan tim kuat Uzbekistan Kapolda Kalimantan Selatan Irjen Pol. Winarto S.H. M.H mengadakan nonton bareng bersama Forkopimda di Aula Bhayangkari Mathilda Batlayeri Polda Kalsel. https://t.co/onaV0C0MyH","1785445630657372319","https://pbs.twimg.com/ext_tw_video_thumb/1785445513934073856/pu/img/Q9yJjsoZWI6vs2Xq.jpg","","in","","0","0","0","https://x.com/CakraBahalap/status/1785445630657372319","1651713118853279744","CakraBahalap"
"1785326995800490430","Tue Apr 30 23:06:01 +0000 2024","3","@idayitser @GOAL_ID Point nya ada di cari pemain naturalisasi yg sudah pengalaman di level internasional . Masalahnya pemain yg sudah ada di level itu cenderung tidak memilih bela Timnas Indonesia . Lah yg ngomong itu sendiri aja lebih milih Belgia di masa prime nya .","1785445531801522478","","","in","","0","0","0","https://x.com/RagilC_P23/status/1785445531801522478","372193009","RagilC_P23"
"1785326995800490430","Tue Apr 30 23:04:16 +0000 2024","1","@YdhAdsmr @GOAL_ID Dia kan kepanggil timnas senior belgia. Masa nolak","1785445091600949527","","YdhAdsmr","in","","0","2","1","https://x.com/rmm9230/status/1785445091600949527","1559689924789833728","rmm9230"
"1785445075734217025","Tue Apr 30 23:04:12 +0000 2024","4","kannnn gue yg nonton dari vt vt tiktok aja ngerasa tu fans fans tu much bgt. apalagi yg SENGAJA nginep di hotel yg sama kek pemain timnas. literally SENGAJA biar ketemu mereka. di qatar aja kek gitu liat aja gimana kelakuan mereka pas main di indo ntar. cewe cewe waras dikit lah","1785445075734217025","","","in","","0","1","0","https://x.com/daisyluev/status/1785445075734217025","1625573133938999297","daisyluev"
"1785445046038462607","Tue Apr 30 23:04:06 +0000 2024","0","Tapi sempet berenti ngikutin timnas di era luismila sama simon .. bener2 ga kenal .. mulai lagi pas era egy witan itu pun kenal mreka gara2 ketemu minions kkkkkk..","1785445048668336608","","wonwon_Zzzz","in","","0","0","0","https://x.com/wonwon_Zzzz/status/1785445048668336608","70101157","wonwon_Zzzz"
"1785296703215849876","Tue Apr 30 22:58:06 +0000 2024","3","@SiaranBolaLive Jadwal padat AFF kirim tim Porseni saja takut timnas cidera","1785443537880007143","","SiaranBolaLive","in","","0","0","0","https://x.com/santoz92725/status/1785443537880007143","1735645952676130816","santoz92725"
"1785443535514415438","Tue Apr 30 22:58:05 +0000 2024","0","Bakal Bertambah Lagi Calon Pemain Timnas Naturalisasi: Calvin Verdonk Berdarah Aceh dan Jens Raven Berdarah Jawa | https://t.co/NeTtcKxGES https://t.co/GHV28yXtO1","1785443535514415438","","","in","","0","0","0","https://x.com/kristariyanto68/status/1785443535514415438","1482523214538747904","kristariyanto68"
"1785295064660672706","Tue Apr 30 22:56:33 +0000 2024","0","@republikaonline Awokwokwok... Rerata pemain Timnas malah Naturalisasi akhirnya menggeser yg Murni Natural. Sebenarnya jadi pertanyaan besar sih apa emang asli orang indo mungkin ga kompeten di sepak bola.","1785443149231583444","","republikaonline","in","","0","0","0","https://x.com/ZavierRex1/status/1785443149231583444","1416180569411526657","ZavierRex1"
"1785442999704637932","Tue Apr 30 22:55:57 +0000 2024","1","Dengan adanya Marteen Paes ngebuat persaingan di posisi kiper timnas indonesia jadi sengit Ernando jadi punya pesaing tidak lagi ada di zona nyaman gue sih berharap Ernando banyak belajar jangan terlalu cepat puas dan bisa berkembang lagi. #TimnasIndonesia #TimnasDay #Timnas https://t.co/vTUTndcTs3","1785442999704637932","https://pbs.twimg.com/media/GMcq8idbAAACHlY.jpg","","in","","0","1","0","https://x.com/fiqryfauzian17_/status/1785442999704637932","1526069346715324417","fiqryfauzian17_"
"1785297875750342978","Tue Apr 30 22:54:49 +0000 2024","0","@MaluAkuMalu04 @liputan6dotcom Artinya timnas bakal kalah lawan Iraq.","1785442714625912940","","MaluAkuMalu04","in","","0","0","0","https://x.com/timeout_77/status/1785442714625912940","4806229696","timeout_77"
"1785323245409009733","Tue Apr 30 22:54:30 +0000 2024","0","@Kuuciiing_ @manutdredz @BolaBolaAja @ridwankamil kang emil masuk timnas... Keren..","1785442634544173306","","Kuuciiing_","in","","0","0","0","https://x.com/oiye_lagi/status/1785442634544173306","65381919","oiye_lagi"
"1785442555737620936","Tue Apr 30 22:54:11 +0000 2024","1","PSSI Naturalisasi Jens Raven yang Belum Punya Kontrak Profesional di Klub Sanggup Muncul Jadi Penyerang Ganas Timnas Indonesia? https://t.co/dgXEDuLuxo","1785442555737620936","","","in","","0","0","3","https://x.com/okezonenews/status/1785442555737620936","47274731","okezonenews"
"1785294602557366549","Tue Apr 30 22:52:41 +0000 2024","0","@onthesbrew Jgn bicara mutu sepak bola indonesia dah klo gak ada solusinya emank pssi mau ningkatin timnas doank kok tujuannya...","1785442174672462263","","onthesbrew","in","","0","0","0","https://x.com/al_one_86/status/1785442174672462263","1553428731028738048","al_one_86"
"1785204369736298695","Tue Apr 30 22:51:45 +0000 2024","0","@BeenxMon saking takutnya sama Indo sampai pada kek gitu mainnya ngga malu apa ya.. padahal mereka tim kuat dan jauh berpengalaman dari pada timnas kita","1785441941100040333","","oohmyoh","in","","0","0","0","https://x.com/y_azkhadina/status/1785441941100040333","1644965244228497410","y_azkhadina"
"1785441900679307560","Tue Apr 30 22:51:35 +0000 2024","1","AFC Resmi Menunjuk Sivakorn Pu-udom jd Asisten VAR di Laga Timnas Indonesia U-23 Vs Irak. Ga protes pak @erickthohir @PSSI @jokowi @persib @https://www.tvonenews.com/bola/timnas/206676-afc-resmi-menunjuk-sivakorn-pu-udom-sebagai-asisten-var-di-laga-timnas-indonesia-u-23-vs-irak","1785441900679307560","","","in","","0","0","1","https://x.com/sahatpsimbolonz/status/1785441900679307560","579492501","sahatpsimbolonz"
"1785441792000975181","Tue Apr 30 22:51:09 +0000 2024","13","Analisis Peluang Timnas U-23 Indonesia Kalahkan Irak di Perebutan Tiket Menuju Olimpiade Paris https://t.co/IRujbrBvaL","1785441792000975181","","","in","","1","5","2","https://x.com/KompasTV/status/1785441792000975181","71436318","KompasTV"
"1785325236277436906","Tue Apr 30 22:49:15 +0000 2024","0","@brooklynbrick89 @garagarabola_ Utk liga satu2 stepnya wasit Jepang kan udah didatangin itu buat transfer ilmu. Memang proses perbaikan liga ini ga secepat upgrade timnas karena scoups liga ini kan luas. Setiap asprov punya problemnya masing2. Tapi tetep harus dipantau perkembangan liga.","1785441314659553756","","AdamK_27","in","","0","0","0","https://x.com/AdamK_27/status/1785441314659553756","1618781289989169152","AdamK_27"
"1785336103480000851","Tue Apr 30 22:48:43 +0000 2024","6","@idn_abroad Nice anlysis Idn_Abroad! Letsgo Timnas Letsgo Timnas. Btw gak sabar juga lihat Timnas di QWC 2026 Juni nanti ","1785441177963229680","","idn_abroad","in","","0","0","0","https://x.com/garagarabola_/status/1785441177963229680","1042719651250110464","garagarabola_"
"1785193157342441508","Tue Apr 30 22:48:37 +0000 2024","7","@txtdaripersija jadi supporter bola di indonesia itu udah mah liga nya jelek taruhannya nyawa. mending dukung timnas aja","1785441151547490803","","txtdaripersija","in","","0","1","0","https://x.com/PuruRin_Nano/status/1785441151547490803","565986406","PuruRin_Nano"
"1785122728586138037","Tue Apr 30 22:47:17 +0000 2024","0","@X_Tactico @ruangtaktik Timnas pantas kalah.... Tapi pencapaian sekarang sebuah kebanggaan.... Gak nyangka bisa melaju sejauh ini","1785440816254828799","","X_Tactico","in","","0","0","0","https://x.com/DedyKaunang/status/1785440816254828799","1347521154467069957","DedyKaunang"
"1785434973014831512","Tue Apr 30 22:45:11 +0000 2024","0","@dseptaa18 Saking takutnya sama timnas kita ngga malu apa ya.. kekutan uzbek kan diatas kita kenapa juga mereka pake cara kotor kek gitu ","1785440287445410072","","dseptaa18","in","","0","1","0","https://x.com/y_azkhadina/status/1785440287445410072","1644965244228497410","y_azkhadina"
"1785288653931233784","Tue Apr 30 22:45:01 +0000 2024","3","@ch_chotimah2 Iya tapi respon pelatih pemain dan staf timnas secara gentle mengakui uzbek lebih baik mereka lebih fokus persiapan tanding berikutnya...tidak protes sana sini teriak curang cureng di medsos minta simpati ...mereka tim yg bermental kuat meskipun pernah dijegal ganjar dan koster","1785440248887157034","","ch_chotimah2","in","","0","0","1","https://x.com/santoz92725/status/1785440248887157034","1735645952676130816","santoz92725"
"1785439794103001162","Tue Apr 30 22:43:13 +0000 2024","0"," #Berita terbaru Timnas #Hari Ini Selasa 30 April 2024 Malam #Berita terbaru Timnas Indonesia Terbaru https://t.co/xmDpxIO9Xm","1785439794103001162","","","in","","0","0","0","https://x.com/idn_media/status/1785439794103001162","2508657594","idn_media"
"1785439666667508113","Tue Apr 30 22:42:43 +0000 2024","0","Wkwkwkw bener lagi ntar kata beacukmakinbaik semua barang termasuk Gift harus dipajakin. Timnas kl menang bawa piala jg paling ditahan dulu suruh bayar pajak Abis itu menterinya turun tangan seolah olah jadi superhero yg nyelamatin padahal https://t.co/DzL98WhJc4","1785439666667508113","https://pbs.twimg.com/media/GMcn6iNbwAAQeU5.jpg","","in","","0","1","0","https://x.com/pak_marmut/status/1785439666667508113","445314640","pak_marmut"
"1785439645779828819","Tue Apr 30 22:42:38 +0000 2024","1","Jadwal Timnas Indonesia vs Irak di Piala Asia U-23 2024 untuk perebutan juara 3 dan peluang ke Olimpiade Paris 2024 lengkap dengan Link Live Streaming. #TribunKaltim #TimnasDay #AFC2024 #PialaAsiaU23 https://t.co/YNIavovHbt lewat @tribunnews","1785439645779828819","","","in","","0","0","0","https://x.com/tribunkaltim/status/1785439645779828819","103551225","tribunkaltim"
"1785439298889855303","Tue Apr 30 22:41:15 +0000 2024","1","Kenapa rame dah ini beberapa kaum laki protes karna gw bilang dia gak terlalu ganteng tapi menarik dibilang fomo ngefan karna tampang bukan permainan lah padahal dah ngikutin timnas dari zaman witan masih cilik cm baru ngepost aja. Suka nathan jg sebelum dia sumpah WNI","1785439298889855303","","","in","","0","1","0","https://x.com/hjsqqkka/status/1785439298889855303","1103231210","hjsqqkka"
"1785439124436169000","Tue Apr 30 22:40:33 +0000 2024","5","Maarten Paes menuturkan mimpi besarnya bersama Timnas Indonesia. #kumparanBOLA #bola #text #happening https://t.co/ZJ1n6fA3I1","1785439124436169000","","","in","","0","1","0","https://x.com/kumparan/status/1785439124436169000","759692754985242625","kumparan"
"1785424801911443904","Tue Apr 30 22:40:10 +0000 2024","1","@id_fm @PSSI @pt_lib Sabar kita liat musim berikutnya liga setelah all in untuk semesta di timnas apakah beneran selanjutnya memperbaiki liga? Menarik di tunggu liga musim depan","1785439024926327141","","id_fm","in","","0","0","0","https://x.com/MuldamZr9/status/1785439024926327141","1665469660048027648","MuldamZr9"
"1785438826988773852","Tue Apr 30 22:39:22 +0000 2024","0","Kita sudah ada di titik lapis 2 nya pun sekeren ini timnas kita ","1785438826988773852","","","in","","0","0","1","https://x.com/happyandl0ve/status/1785438826988773852","1410133058250940417","happyandl0ve"
"1785438816875995604","Tue Apr 30 22:39:20 +0000 2024","8","Waduh. Fans kok merusak Timnas sendiri? Itu otaknya ditaruh di mana sih? Makanya pejabat atau siapa pun yg bkn bagian dari tim mending nahan diri ndak usah ikut campur biar ndak ditiru oleh yg lainnya. Lessoh. ‚ÄçÔ∏è","1785438816875995604","","","in","","0","1","1","https://x.com/mnadielmadani7/status/1785438816875995604","3179332453","mnadielmadani7"
"1785438728846225675","Tue Apr 30 22:38:59 +0000 2024","0","para pemain narasi bukan skuad timnas. mereka memainkan narasi. kadang bahkan sering bernada intimidasi. ya tentu untuk mencapai hasrat mereka. namun belakangan ada satu alasan kenapa permainan narasi mereka makin surut. mungkin kemakan narasi sendiri. that's!","1785438728846225675","","","in","","0","0","0","https://x.com/badru_badroe/status/1785438728846225675","434892045","badru_badroe"
"1785438472595218892","Tue Apr 30 22:37:58 +0000 2024","48","Tukang fitnah memuaskan diri. Tidak mungkin Pak Ganjar mengeluarkan pernyataan seperti itu. Tersebar Pernyataan @ganjarpranowo Timnas Indonesia Kalah di Semi Final Lebih Bagus Biar Tidak Ketemu Israel @Miduk17 Jhon Sitorus: Masih Aja Difitnah https://t.co/Z9pEubOL7z https://t.co/hftKrUxD3F","1785438472595218892","https://pbs.twimg.com/media/GMcm1DkbkAATxuj.jpg","","in","","2","12","13","https://x.com/yangmi3prnew/status/1785438472595218892","1531957384213843970","yangmi3prnew"
"1784980797251842212","Tue Apr 30 22:37:48 +0000 2024","1","@detikcom tingkatkan lagi permainanmu timnas Garuda !!! Usiamu masih muda bermainlah lebih sportif lagi jauhi kecurangan dan emosi jiwa yg tidak terbendungkan !!! Jangan salahkan orang lain !!!","1785438431969202405","","detikcom","in","","0","0","0","https://x.com/AnwarOjat/status/1785438431969202405","1630976361652424704","AnwarOjat"
"1785438334875316343","Tue Apr 30 22:37:25 +0000 2024","6","AMUNISI baru skuad TIMNAS INDONESIA üáÆüá© WELCOME MAARTEN PAES https://t.co/azsacLpx67","1785438334875316343","","","in","","0","1","0","https://x.com/g4b0ng0ku73/status/1785438334875316343","1614470115210457090","g4b0ng0ku73"
"1785196631954227697","Tue Apr 30 22:36:56 +0000 2024","0","@yusuf_dumdum Walaupun gol itu tidak dianulir oleh wasit.. indonesia unggul 1 - 0 saya melihat Uzbek mampu menyamakan dan memenangkan pertandingan.. lewat perpanjangan waktu 15 √ó 2 timnas kalah kelas ( lihat data statistik pertandingan ).. yg ke final Uzbek vs Japan memang pantas dan layak","1785438214989267407","","yusuf_dumdum","in","","0","0","0","https://x.com/StefanusSumars1/status/1785438214989267407","1464753079040020485","StefanusSumars1"
